-- phpMyAdmin SQL Dump
-- version 5.2.1
-- https://www.phpmyadmin.net/
--
-- Máy chủ: 127.0.0.1
-- Thời gian đã tạo: Th3 07, 2024 lúc 06:46 AM
-- Phiên bản máy phục vụ: 10.4.28-MariaDB
-- Phiên bản PHP: 8.1.17

SET SQL_MODE = "NO_AUTO_VALUE_ON_ZERO";
START TRANSACTION;
SET time_zone = "+00:00";


/*!40101 SET @OLD_CHARACTER_SET_CLIENT=@@CHARACTER_SET_CLIENT */;
/*!40101 SET @OLD_CHARACTER_SET_RESULTS=@@CHARACTER_SET_RESULTS */;
/*!40101 SET @OLD_COLLATION_CONNECTION=@@COLLATION_CONNECTION */;
/*!40101 SET NAMES utf8mb4 */;

--
-- Cơ sở dữ liệu: `mystore`
--
CREATE DATABASE IF NOT EXISTS `mystore` DEFAULT CHARACTER SET utf8mb4 COLLATE utf8mb4_general_ci;
USE `mystore`;

-- --------------------------------------------------------

--
-- Cấu trúc bảng cho bảng `book`
--

CREATE TABLE `book` (
  `book_id` int(11) NOT NULL,
  `book_title` varchar(100) NOT NULL,
  `book_description` varchar(100) NOT NULL,
  `category_id` int(11) NOT NULL,
  `type_id` int(11) NOT NULL,
  `book_image` varchar(255) NOT NULL,
  `book_price` varchar(100) NOT NULL
) ENGINE=InnoDB DEFAULT CHARSET=utf8mb4 COLLATE=utf8mb4_general_ci;

--
-- Đang đổ dữ liệu cho bảng `book`
--

INSERT INTO `book` (`book_id`, `book_title`, `book_description`, `category_id`, `type_id`, `book_image`, `book_price`) VALUES
(1, 'Harry Porter and the Deadly Hallow', 'Great book', 3, 1, 'b3.jpg', '300'),
(2, 'Harry Potter and the Chamber of Secrets', 'Good book, good adventure', 1, 1, 'b4.jpg', '200'),
(3, 'Harper Lee to kill a MockingBird', 'Great education for kids', 3, 2, 'b5.jpg', '250'),
(5, 'The Secret Garden', 'Nice book to read', 1, 2, 'b2.webp', '200'),
(6, 'haha', 'hooo', 2, 1, 'b3.jpg', '200'),
(7, 'The Godfather Novel', 'The classic & Bestseller', 2, 2, 'gbook.jpg', '200');

-- --------------------------------------------------------

--
-- Cấu trúc bảng cho bảng `cart`
--

CREATE TABLE `cart` (
  `cart_id` int(11) NOT NULL,
  `book_id` int(11) NOT NULL,
  `user_id` int(11) NOT NULL,
  `quantity` int(11) NOT NULL
) ENGINE=InnoDB DEFAULT CHARSET=utf8mb4 COLLATE=utf8mb4_general_ci;

-- --------------------------------------------------------

--
-- Cấu trúc bảng cho bảng `categories`
--

CREATE TABLE `categories` (
  `category_id` int(11) NOT NULL,
  `category_title` varchar(100) NOT NULL
) ENGINE=InnoDB DEFAULT CHARSET=utf8mb4 COLLATE=utf8mb4_general_ci;

--
-- Đang đổ dữ liệu cho bảng `categories`
--

INSERT INTO `categories` (`category_id`, `category_title`) VALUES
(1, 'Adventure'),
(2, 'Thriller'),
(3, 'Tales');

-- --------------------------------------------------------

--
-- Cấu trúc bảng cho bảng `orders`
--

CREATE TABLE `orders` (
  `order_id` int(11) NOT NULL,
  `user_id` int(11) NOT NULL,
  `book_id` int(11) NOT NULL,
  `quantity` int(11) NOT NULL,
  `total_price` decimal(10,0) NOT NULL
) ENGINE=InnoDB DEFAULT CHARSET=utf8mb4 COLLATE=utf8mb4_general_ci;

--
-- Đang đổ dữ liệu cho bảng `orders`
--

INSERT INTO `orders` (`order_id`, `user_id`, `book_id`, `quantity`, `total_price`) VALUES
(2, 2, 6, 1, 500),
(3, 2, 1, 1, 500),
(4, 2, 2, 1, 200),
(5, 2, 2, 1, 200),
(6, 2, 2, 1, 200),
(7, 2, 2, 1, 650),
(8, 2, 3, 1, 650),
(9, 2, 7, 1, 650),
(10, 2, 2, 1, 200),
(11, 2, 3, 1, 250);

-- --------------------------------------------------------

--
-- Cấu trúc bảng cho bảng `type`
--

CREATE TABLE `type` (
  `type_id` int(11) NOT NULL,
  `type_title` varchar(100) NOT NULL
) ENGINE=InnoDB DEFAULT CHARSET=utf8mb4 COLLATE=utf8mb4_general_ci;

--
-- Đang đổ dữ liệu cho bảng `type`
--

INSERT INTO `type` (`type_id`, `type_title`) VALUES
(1, 'e-book'),
(2, 'book'),
(3, 'hhha'),
(4, '123');

-- --------------------------------------------------------

--
-- Cấu trúc bảng cho bảng `users`
--

CREATE TABLE `users` (
  `user_id` int(11) NOT NULL,
  `user_name` varchar(100) NOT NULL,
  `user_password` varchar(100) NOT NULL
) ENGINE=InnoDB DEFAULT CHARSET=utf8mb4 COLLATE=utf8mb4_general_ci;

--
-- Đang đổ dữ liệu cho bảng `users`
--

INSERT INTO `users` (`user_id`, `user_name`, `user_password`) VALUES
(1, 'nam@gmail.com', '$2y$10$JnDMw2ti15Me59ahNnsZvuzu7PG9si4OTFArmc8QQOIeeYo6SysPS'),
(2, 'huy@gmail.com', '$2y$10$lK2L0PrJ.jVga/fkP0FV8.9UoF7moTvKhPwkOdutmamLa0qskM8c.');

--
-- Chỉ mục cho các bảng đã đổ
--

--
-- Chỉ mục cho bảng `book`
--
ALTER TABLE `book`
  ADD PRIMARY KEY (`book_id`);

--
-- Chỉ mục cho bảng `cart`
--
ALTER TABLE `cart`
  ADD PRIMARY KEY (`cart_id`);

--
-- Chỉ mục cho bảng `categories`
--
ALTER TABLE `categories`
  ADD PRIMARY KEY (`category_id`);

--
-- Chỉ mục cho bảng `orders`
--
ALTER TABLE `orders`
  ADD PRIMARY KEY (`order_id`);

--
-- Chỉ mục cho bảng `type`
--
ALTER TABLE `type`
  ADD PRIMARY KEY (`type_id`);

--
-- Chỉ mục cho bảng `users`
--
ALTER TABLE `users`
  ADD PRIMARY KEY (`user_id`);

--
-- AUTO_INCREMENT cho các bảng đã đổ
--

--
-- AUTO_INCREMENT cho bảng `book`
--
ALTER TABLE `book`
  MODIFY `book_id` int(11) NOT NULL AUTO_INCREMENT, AUTO_INCREMENT=9;

--
-- AUTO_INCREMENT cho bảng `cart`
--
ALTER TABLE `cart`
  MODIFY `cart_id` int(11) NOT NULL AUTO_INCREMENT;

--
-- AUTO_INCREMENT cho bảng `categories`
--
ALTER TABLE `categories`
  MODIFY `category_id` int(11) NOT NULL AUTO_INCREMENT, AUTO_INCREMENT=4;

--
-- AUTO_INCREMENT cho bảng `orders`
--
ALTER TABLE `orders`
  MODIFY `order_id` int(11) NOT NULL AUTO_INCREMENT, AUTO_INCREMENT=12;

--
-- AUTO_INCREMENT cho bảng `type`
--
ALTER TABLE `type`
  MODIFY `type_id` int(11) NOT NULL AUTO_INCREMENT, AUTO_INCREMENT=5;

--
-- AUTO_INCREMENT cho bảng `users`
--
ALTER TABLE `users`
  MODIFY `user_id` int(11) NOT NULL AUTO_INCREMENT, AUTO_INCREMENT=3;
COMMIT;

/*!40101 SET CHARACTER_SET_CLIENT=@OLD_CHARACTER_SET_CLIENT */;
/*!40101 SET CHARACTER_SET_RESULTS=@OLD_CHARACTER_SET_RESULTS */;
/*!40101 SET COLLATION_CONNECTION=@OLD_COLLATION_CONNECTION */;
